{"cameraMode":{"drawMode":0,"name":"Shaded","section":"Shading Mode"},"sceneLighting":true,"audioPlay":false,"sceneViewState":{"m_AlwaysRefresh":false,"showFog":true,"showSkybox":true,"showFlares":true,"showImageEffects":true,"showParticleSystems":true,"showVisualEffectGraphs":true,"m_FxEnabled":true},"in2DMode":false,"pivot":{"x":21.82208251953125,"y":1.1719772815704346,"z":-1.9171829223632813},"rotation":{"x":-0.03493725508451462,"y":-0.9086043238639832,"z":0.07759599387645722,"w":-0.4089350998401642},"size":0.8660253882408142,"orthographic":false}